,GP_spot_up,POSS_spot_up,FREQ%_spot_up,PPP_spot_up,PTS_spot_up,FGM_spot_up,FGA_spot_up,FG%_spot_up,EFG%_spot_up,FT_spot_up,TOV_spot_up,SF_spot_up,ANDÂ ONE_spot_up,SCORE_spot_up,PERCENTILE_spot_up,LABEL,PLAYER,Constant
1,22.0,6.5,43.2,1.17,7.7,2.7,6.0,44.4,60.9,2.8,4.9,2.8,0,43.8,74.9,0,Coby White,
2,22.0,4.8,31.0,1.29,6.2,2.2,4.5,48.5,67.2,4.7,4.7,3.8,2.8,47.2,88.8,0,Michael Porter Jr.,
3,19.0,6.4,29.5,1.08,6.9,2.3,5.7,40.4,55.5,5.8,6.6,5.8,2.5,39.7,59.1,0,Jerami Grant,
4,18.0,5.4,39.3,1.34,7.2,2.6,5.2,50.0,68.6,1,2.1,1,0,49.5,91.7,0,Eric Gordon,
5,19.0,4.0,17.7,1.58,6.3,2.2,3.7,58.6,78.6,7.9,3.9,7.9,3.9,57.9,99.0,0,Jalen Brunson,
6,20.0,4.5,51.4,1.29,5.8,2.0,3.9,51.3,71.8,5.6,10,5.6,2.2,47.8,87.8,0,Derrick Jones Jr.,
7,20.0,4.1,38.3,1.38,5.7,1.8,3.3,54.5,73.5,12.2,8.5,11,1.2,53.7,93.4,0,Norman Powell,
8,21.0,4.7,28.9,1.14,5.4,1.8,4.2,42.0,56.3,8.1,4,8.1,1,44.4,67.0,0,Dennis Schroder,
9,21.0,5.2,42.2,1.02,5.3,1.7,4.8,36.0,49.5,4.6,3.7,4.6,0,37.6,48.2,0,Jordan Hawkins,
10,18.0,5.2,34.2,1.17,6.1,2.1,5.1,41.8,57.7,4.3,1.1,4.3,2.1,42.6,73.4,0,Tim Hardaway Jr.,
11,20.0,4.2,41.9,1.29,5.4,1.9,4.1,46.9,66.0,0,2.4,0,0,45.8,88.1,0,Malik Beasley,
12,19.0,3.9,44.4,1.41,5.6,1.9,3.7,51.4,75.7,0,6.7,0,0,48,95.7,0,Donte DiVincenzo,
13,17.0,5.1,35.4,1.21,6.2,2.1,4.5,45.5,63.6,5.7,6.9,5.7,1.1,44.8,78.5,0,OG Anunoby,
14,20.0,4.5,20.8,1.14,5.2,1.7,4.0,42.5,55.6,8.9,2.2,8.9,0,46.7,67.7,0,Mikal Bridges,
15,19.0,5.3,56.2,1.03,5.4,1.8,4.7,38.2,54.5,5,7,3,1,38,49.2,0,Grant Williams,
16,19.0,4.3,54.0,1.26,5.4,1.8,4.2,42.5,63.7,0,1.2,0,0,42,85.1,0,Sam Hauser,
17,21.0,4.2,30.1,1.15,4.9,1.7,4.1,40.7,57.6,2.2,2.2,2.2,1.1,40.4,68.3,0,Max Strus,
18,20.0,4.5,19.8,1.13,5.1,1.9,4.0,46.8,61.4,3.3,10,3.3,1.1,43.3,66.0,0,Kyle Kuzma,
19,19.0,4.5,53.5,1.19,5.3,1.8,4.3,42.0,61.7,1.2,3.5,1.2,0,41.2,77.2,0,Royce O'Neale,
20,20.0,4.3,29.5,1.19,5.1,1.8,4.2,42.9,59.5,2.4,1.2,2.4,2.4,42.4,77.2,0,Bogdan Bogdanovic,
21,18.0,6.2,41.6,0.91,5.6,2.0,5.4,36.7,47.4,6.3,5.4,5.4,0,37.8,30.0,0,P.J. Washington,
22,20.0,3.4,40.6,1.49,5.0,1.6,3.2,50.8,74.6,4.5,3,3,1.5,50.7,97.4,0,Isaiah Joe,
23,21.0,4.4,31.6,1.08,4.7,1.6,3.9,40.2,53.0,10.9,1.1,9.8,1.1,44.6,57.8,0,John Collins,
24,20.0,5.6,27.5,0.88,4.9,1.8,4.5,39.3,50.6,4.5,16.1,4.5,0,35.7,26.2,0,Karl-Anthony Towns,
25,20.0,4.5,21.5,1.08,4.9,1.7,4.1,42.0,53.1,7.8,3.3,7.8,1.1,44.4,58.4,0,DeMar DeRozan,
26,21.0,4.4,22.5,1.05,4.6,1.6,4.0,38.8,53.5,4.3,3.3,4.3,0,40.2,52.8,0,Scottie Barnes,
27,17.0,4.7,36.2,1.18,5.5,1.9,4.1,46.4,63.0,6.3,10,6.3,2.5,43.8,75.5,0,Lonnie Walker IV,
28,18.0,4.6,42.9,1.15,5.2,1.8,4.3,41.6,58.4,2.4,3.7,2.4,0,41.5,68.6,0,Grayson Allen,
29,19.0,4.5,28.6,1.09,4.9,1.6,4.1,39.7,53.8,9.3,2.3,9.3,2.3,41.9,62.3,0,Keldon Johnson,
30,20.0,4.3,21.1,1.09,4.7,1.7,3.9,43.6,56.4,3.5,5.8,2.3,0,43,62.3,0,Dejounte Murray,
31,18.0,5.0,39.5,1.03,5.2,1.9,4.4,43.0,57.6,2.2,11.1,2.2,1.1,38.9,50.3,0,Buddy Hield,
32,19.0,3.2,21.1,1.52,4.8,1.6,3.1,53.4,75.9,5,0,3.3,1.7,55,98.3,0,Spencer Dinwiddie,
33,21.0,3.1,20.6,1.38,4.3,1.6,2.8,55.9,71.2,9.1,6.1,7.6,4.5,54.5,93.7,0,Cole Anthony,
34,21.0,4.3,21.7,1.0,4.3,1.6,4.0,40.0,50.0,3.3,3.3,3.3,0,40.7,43.9,0,Franz Wagner,
35,20.0,3.8,18.7,1.2,4.5,1.6,3.3,48.5,61.4,9.3,4,6.7,1.3,50.7,77.8,0,Kawhi Leonard,
36,21.0,4.5,53.4,0.95,4.2,1.4,4.1,34.5,45.4,6.4,2.1,6.4,1.1,37.2,33.3,0,Georges Niang,
37,19.0,4.0,40.4,1.16,4.6,1.6,3.7,43.7,62.0,0,6.6,0,0,40.8,71.0,0,Dorian Finney-Smith,
38,21.0,3.8,32.8,1.09,4.1,1.4,3.6,40.0,57.3,1.3,6.3,1.3,1.3,37.5,60.1,0,Isaiah Stewart,
39,20.0,3.9,51.0,1.1,4.3,1.5,3.6,41.7,57.6,1.3,5.2,1.3,0,40.3,63.7,0,Nickeil Alexander-Walker,
40,16.0,3.7,42.4,1.41,5.2,1.6,3.1,52.0,71.0,11.9,3.4,6.8,0,55.9,95.0,0,Aaron Nesmith,
41,18.0,3.3,12.0,1.38,4.6,1.5,2.9,50.9,69.8,8.3,3.3,6.7,0,53.3,94.1,0,Kevin Durant,
42,18.0,3.6,29.4,1.3,4.6,1.6,3.2,50.0,69.8,1.6,7.8,1.6,0,46.9,89.1,0,Jabari Smith Jr.,
43,21.0,3.1,14.9,1.26,4.0,1.2,2.5,50.0,67.3,15.2,6.1,12.1,0,53,84.4,0,Paolo Banchero,
44,20.0,3.3,13.8,1.26,4.2,1.5,2.9,52.6,67.5,7.6,7.6,7.6,1.5,51.5,84.4,0,Desmond Bane,
45,18.0,4.0,30.3,1.15,4.6,1.7,3.4,48.4,62.1,5.6,11.1,5.6,2.8,44.4,69.6,0,Dillon Brooks,
46,19.0,3.4,26.3,1.28,4.3,1.5,3.0,50.9,71.1,1.6,9.4,1.6,0,46.9,86.1,0,Duncan Robinson,
47,19.0,3.5,14.0,1.21,4.3,1.4,2.9,49.1,66.4,9,10.4,9,1.5,47.8,78.9,0,Jayson Tatum,
48,18.0,4.3,41.5,1.04,4.5,1.6,4.1,37.8,50.7,6.4,1.3,5.1,2.6,39.7,51.3,0,Harrison Barnes,
49,16.0,3.3,25.5,1.49,4.9,1.6,2.9,53.2,74.5,9.4,3.8,9.4,1.9,54.7,97.0,0,Derrick White,
50,20.0,3.8,32.6,1.04,4.0,1.4,3.6,37.5,52.1,2.6,2.6,2.6,0,38.2,51.8,0,Brook Lopez,
51,19.0,4.2,50.3,1.0,4.2,1.6,3.8,41.1,52.1,5.1,5.1,5.1,2.5,39.2,43.9,0,Josh Hart,
52,20.0,3.9,34.4,1.0,3.9,1.5,3.6,40.8,54.9,0,9,0,0,37.2,43.9,0,Naz Reid,
53,20.0,4.0,26.1,0.99,3.9,1.4,3.3,43.1,51.5,7.6,10.1,7.6,0,43,41.3,0,Chet Holmgren,
54,20.0,4.1,30.1,0.95,3.9,1.2,3.6,33.8,45.1,9.8,6.1,9.8,2.4,36.6,34.7,0,De'Andre Hunter,
55,14.0,5.4,39.3,1.03,5.5,2.0,5.0,40.0,52.1,2.7,4,2.7,0,40,48.8,0,Santi Aldama,
56,20.0,3.9,29.3,1.0,3.9,1.3,3.7,34.2,50.0,3.9,2.6,2.6,1.3,35.1,43.9,0,De'Anthony Melton,
57,17.0,4.2,29.0,1.07,4.5,1.6,3.9,42.4,56.1,2.8,5.6,2.8,1.4,40.8,56.4,0,Brandon Miller,
58,21.0,3.6,31.3,1.01,3.6,1.4,3.2,43.3,56.0,1.3,10.7,1.3,1.3,38.7,47.2,0,Jaime Jaquez Jr.,
59,22.0,2.8,27.2,1.21,3.4,1.2,2.6,47.4,64.0,3.2,6.5,3.2,1.6,45.2,79.2,0,Kentavious Caldwell-Pope,
60,20.0,3.2,56.1,1.17,3.8,1.3,3.0,41.7,59.2,4.7,3.1,4.7,1.6,42.2,74.3,0,Matisse Thybulle,
61,18.0,3.6,25.1,1.15,4.2,1.4,3.4,40.3,58.1,1.5,3.1,1.5,0,40,70.2,0,Malik Monk,
62,20.0,3.5,31.4,1.07,3.8,1.3,3.1,41.0,56.6,5.7,10,5.7,2.9,38.6,56.8,0,Saddiq Bey,
63,18.0,3.9,17.1,1.06,4.2,1.4,3.5,41.3,51.6,8.5,5.6,8.5,2.8,42.3,53.1,0,Brandon Ingram,
64,14.0,5.4,28.6,0.99,5.4,1.6,4.6,35.4,48.5,9.2,6.6,7.9,1.3,38.2,40.9,0,RJ Barrett,
65,20.0,3.9,17.2,0.97,3.8,1.3,3.6,34.7,47.2,6.5,2.6,6.5,2.6,36.4,38.9,0,Paul George,
66,19.0,3.2,38.1,1.21,3.9,1.3,2.8,46.3,65.7,3.3,8.2,0,0,44.3,80.2,0,Alex Caruso,
67,20.0,3.3,28.6,1.14,3.7,1.4,3.0,47.5,56.8,7.7,6.2,7.7,4.6,46.2,66.7,0,Deni Avdija,
68,19.0,3.5,35.4,1.09,3.8,1.4,3.2,43.3,57.5,9,6,9,4.5,41.8,60.4,0,Corey Kispert,
69,19.0,3.6,49.6,1.07,3.8,1.3,3.1,40.7,56.8,4.4,8.8,4.4,0,39.7,57.4,0,Simone Fontecchio,
70,20.0,3.6,28.6,1.01,3.7,1.3,3.2,39.1,54.7,5.6,6.9,5.6,1.4,37.5,47.5,0,Jalen Suggs,
71,22.0,2.2,16.6,1.5,3.3,1.2,2.1,56.5,78.3,2.1,4.2,2.1,2.1,54.2,98.0,0,Reggie Jackson,
72,19.0,3.2,13.4,1.2,3.8,1.3,2.9,43.6,56.4,10,1.7,10,3.3,46.7,77.8,0,Tyrese Maxey,
73,21.0,3.1,40.0,1.09,3.4,1.1,2.9,39.3,54.9,4.5,3,4.5,0,40.9,61.3,0,Moses Moody,
74,20.0,3.0,15.1,1.18,3.6,1.2,2.5,48.0,65.0,6.7,10,6.7,0,46.7,76.6,0,Shaedon Sharpe,
75,20.0,3.6,47.1,0.99,3.6,1.3,3.4,37.3,51.5,2.8,5.6,2.8,1.4,36.1,40.6,0,Cedi Osman,
76,21.0,4.2,20.2,0.81,3.4,1.2,3.5,35.1,41.9,6.8,11.4,5.7,2.3,34.1,16.5,1,Pascal Siakam,
77,15.0,4.1,16.0,1.15,4.7,1.7,3.8,43.9,59.6,1.6,4.9,1.6,0,42.6,69.0,0,LaMelo Ball,
78,18.0,3.4,13.4,1.13,3.9,1.3,3.1,43.6,55.5,9.7,3.2,9.7,1.6,46.8,65.0,0,Anthony Edwards,
79,15.0,3.3,20.4,1.41,4.6,1.6,3.1,52.2,70.7,6.1,2,6.1,2,53.1,95.4,0,Devin Vassell,
80,21.0,2.9,18.0,1.13,3.3,1.1,2.8,39.7,56.0,3.3,1.6,3.3,0,41,65.3,0,D'Angelo Russell,
81,15.0,4.3,21.1,1.06,4.6,1.5,4.2,36.5,53.2,1.5,1.5,1.5,0,36.9,54.1,0,Lauri Markkanen,
82,20.0,2.5,42.0,1.36,3.4,1.2,2.3,52.2,69.6,4,4,4,0,52,92.7,0,Cameron Payne,
83,16.0,3.1,14.3,1.36,4.3,1.6,2.9,53.2,71.3,2,6,2,2,50,92.7,0,Kyrie Irving,
84,20.0,3.1,31.3,1.11,3.4,1.2,2.9,39.7,56.9,1.6,3.3,1.6,0,39.3,64.4,0,Mike Conley,
85,18.0,3.8,32.9,1.0,3.8,1.4,3.6,40.6,51.6,2.9,4.4,2.9,1.5,39.7,43.9,0,Bruce Brown,
86,14.0,4.9,34.7,0.99,4.9,1.8,4.5,39.7,50.8,4.3,4.3,4.3,0,40.6,40.3,0,Keegan Murray,
87,20.0,4.4,21.2,0.78,3.4,1.2,3.9,31.2,37.7,8,4.6,6.9,1.1,34.5,15.2,1,Jaren Jackson Jr.,
88,22.0,4.2,46.3,0.72,3.0,1.0,3.5,30.3,40.8,4.3,14,4.3,0,28,9.2,1,Patrick Williams,
89,19.0,5.5,23.4,0.64,3.5,1.1,4.7,23.3,31.1,6.7,6.7,6.7,0,26.9,5.6,1,Julius Randle,
90,17.0,3.1,22.2,1.25,3.9,1.4,2.9,46.0,64.0,1.9,3.8,1.9,0,45.3,83.5,0,Jrue Holiday,
91,15.0,3.6,28.6,1.22,4.4,1.5,2.8,54.8,67.9,9.3,13,5.6,0,51.9,80.9,0,Jalen Johnson,
92,18.0,3.8,33.5,0.96,3.7,1.3,3.5,36.5,49.2,5.8,4.3,5.8,1.4,37.7,36.4,0,Gary Trent Jr.,
93,18.0,3.8,17.0,0.96,3.7,1.3,3.6,35.4,46.2,5.8,2.9,4.3,2.9,36.2,36.4,0,Jaylen Brown,
94,21.0,2.7,26.4,1.16,3.1,1.0,2.4,43.1,56.9,8.9,3.6,7.1,3.6,44.6,71.3,0,Dario Saric,
95,20.0,3.2,30.3,1.03,3.3,1.2,3.0,40.7,52.5,3.2,3.2,3.2,0,41.3,49.7,0,Killian Hayes,
96,21.0,3.0,23.7,1.03,3.1,1.0,2.3,45.8,60.4,7.9,17.5,7.9,1.6,41.3,49.7,0,Collin Sexton,
97,20.0,3.4,35.4,0.96,3.3,1.1,3.1,36.1,49.2,4.4,5.9,4.4,0,36.8,36.0,1,Luguentz Dort,
98,18.0,3.9,52.2,0.93,3.6,1.3,3.6,37.5,50.0,2.9,7.1,2.9,1.4,34.3,31.4,1,Josh Green,
99,20.0,2.6,19.4,1.23,3.2,1.2,2.3,50.0,63.0,7.7,5.8,7.7,1.9,50,83.1,0,Jeremy Sochan,
100,13.0,4.5,31.2,1.1,4.9,1.7,4.2,40.7,58.3,1.7,5.2,1.7,0,39.7,63.4,0,Cameron Johnson,
101,20.0,3.0,18.0,1.08,3.2,1.2,2.8,41.1,53.6,3.4,3.4,3.4,1.7,40.7,59.4,0,Tobias Harris,
102,17.0,3.1,18.6,1.21,3.7,1.3,2.8,45.8,60.4,7.7,3.8,5.8,3.8,46.2,79.5,0,Jalen Williams,
103,19.0,2.8,34.8,1.17,3.3,1.2,2.6,44.0,58.0,7.4,3.7,5.6,3.7,44.4,72.1,0,Bilal Coulibaly,
104,19.0,3.1,15.6,1.09,3.3,1.1,2.6,40.8,55.1,8.6,8.6,8.6,1.7,41.4,59.7,0,Jordan Poole,
105,21.0,2.4,40.2,1.22,3.0,1.0,2.3,43.8,62.5,2,3.9,2,0,43.1,80.5,0,Ochai Agbaji,
106,22.0,2.4,27.9,1.17,2.8,1.0,2.1,47.8,57.6,11.3,5.7,11.3,3.8,49.1,72.6,0,Christian Braun,
107,18.0,3.4,33.9,1.0,3.4,1.2,3.1,39.3,52.7,3.2,6.5,1.6,0,38.7,43.9,0,Josh Richardson,
108,21.0,3.5,39.2,0.84,3.0,1.1,3.2,35.8,46.3,1.4,8.1,1.4,0,32.4,19.1,1,Dyson Daniels,
109,19.0,3.9,44.9,0.83,3.3,1.3,3.8,33.3,41.0,2.7,2.7,2.7,1.3,33.3,18.2,1,Taurean Prince,
110,20.0,2.4,27.2,1.3,3.1,1.1,2.3,45.7,66.3,0,2.1,0,0,44.7,89.4,0,Kyle Lowry,
111,13.0,4.0,50.0,1.17,4.7,1.5,3.7,41.7,60.4,3.8,5.8,3.8,1.9,40.4,74.6,0,Matt Ryan,
112,21.0,2.9,21.7,1.02,2.9,1.0,2.5,37.7,50.0,8.3,6.7,8.3,3.3,38.3,47.9,1,Keyonte George,
113,13.0,4.7,17.2,1.0,4.7,1.7,4.3,39.3,50.9,6.6,3.3,6.6,1.6,41,43.9,0,De'Aaron Fox,
114,20.0,3.5,30.0,0.87,3.1,1.2,2.9,40.4,49.1,7.1,11.4,7.1,0,38.6,24.4,1,Jonathan Kuminga,
115,19.0,3.7,25.6,0.86,3.2,1.2,3.4,33.8,40.8,7,4.2,7,2.8,35.2,23.2,1,Immanuel Quickley,
116,19.0,3.7,25.2,0.86,3.2,1.2,3.4,33.8,42.3,5.6,4.2,4.2,1.4,35.2,23.2,1,Andrew Wiggins,
117,18.0,4.1,37.2,0.84,3.4,1.2,3.4,33.9,46.8,2.7,12.3,1.4,0,31.5,18.5,1,Herbert Jones,
118,20.0,2.0,34.5,1.54,3.0,1.1,1.9,56.8,78.4,5.1,2.6,5.1,2.6,56.4,98.7,0,Cason Wallace,
119,20.0,2.5,10.8,1.22,3.0,1.1,2.3,45.7,63.0,4.1,4.1,4.1,2,44.9,81.2,0,LeBron James,
120,20.0,2.6,40.2,1.18,3.0,1.1,2.3,47.8,62.0,3.9,5.9,3.9,0,47.1,75.9,0,Ayo Dosunmu,
121,18.0,3.0,22.8,1.11,3.3,1.2,2.6,47.8,56.5,11.1,7.4,9.3,3.7,48.1,64.0,0,Bennedict Mathurin,
122,17.0,3.6,17.8,0.98,3.5,1.3,2.9,44.9,55.1,6.6,13.1,6.6,0,41,39.9,0,Jordan Clarkson,
123,22.0,2.8,50.4,0.97,2.7,1.0,2.6,37.9,51.7,0,6.5,0,0,35.5,38.3,1,Torrey Craig,
124,21.0,3.0,25.9,0.95,2.9,1.0,2.8,36.2,49.1,3.2,6.3,3.2,1.6,34.9,35.1,1,Talen Horton-Tucker,
125,20.0,3.4,38.2,0.87,3.0,1.0,3.0,33.3,45.8,5.9,7.4,5.9,1.5,32.4,24.1,1,David Roddy,
126,21.0,3.3,12.9,0.85,2.8,1.0,3.0,32.8,44.5,1.4,5.8,1.4,0,31.9,21.1,1,Cade Cunningham,
127,20.0,2.6,22.9,1.11,2.9,1.1,2.6,43.1,55.9,3.8,0,3.8,1.9,42.3,64.7,0,Bobby Portis,
128,18.0,2.9,29.1,1.09,3.2,1.2,2.7,43.8,57.3,3.8,7.5,3.8,1.9,41.5,62.7,0,Obi Toppin,
129,19.0,2.9,41.8,1.04,3.1,1.1,2.7,40.4,54.8,1.8,5.4,1.8,0,39.3,50.8,0,Payton Pritchard,
130,15.0,3.1,17.3,1.21,3.8,1.4,3.0,46.7,61.1,2.1,2.1,2.1,0,46.8,79.9,0,Malcolm Brogdon,
131,20.0,3.1,18.8,0.93,2.9,1.1,3.0,35.0,47.5,0,1.6,0,0,34.4,32.7,1,Klay Thompson,
132,12.0,3.6,33.3,1.3,4.7,1.7,3.1,54.1,71.6,4.7,9.3,4.7,0,51.2,90.1,0,Rui Hachimura,
133,20.0,3.0,43.2,0.93,2.8,1.0,2.9,35.1,49.1,0,5,0,0,33.3,32.1,1,Jordan Goodwin,
134,16.0,4.1,25.5,0.85,3.5,1.1,3.8,28.3,38.3,9.1,0,9.1,0,34.8,20.2,1,Caris LeVert,
135,21.0,1.9,18.2,1.38,2.6,0.8,1.6,51.5,68.2,15,7.5,15,5,52.5,93.1,0,Moritz Wagner,
136,16.0,2.6,42.0,1.31,3.4,1.3,2.6,51.2,67.1,2.4,2.4,2.4,2.4,50,90.4,0,Aaron Holiday,
137,12.0,3.7,41.9,1.25,4.6,1.5,3.3,45.0,61.3,6.8,2.3,6.8,0,47.7,83.8,0,Naji Marshall,
138,15.0,3.1,21.7,1.17,3.7,1.2,2.9,40.9,59.1,4.3,4.3,4.3,2.1,40.4,73.4,0,James Harden,
139,11.0,4.3,18.1,1.17,5.0,1.8,3.8,47.6,56.0,8.5,2.1,8.5,0,51.1,73.4,0,Cam Thomas,
140,14.0,3.4,34.5,1.15,3.9,1.2,3.1,38.6,54.5,8.3,0,6.3,0,43.8,68.0,0,Alec Burks,
141,15.0,3.6,23.4,1.02,3.7,1.1,3.2,35.4,46.9,14.8,1.9,13,5.6,40.7,48.5,0,Kristaps Porzingis,
142,17.0,3.6,55.9,0.89,3.2,1.1,3.5,32.2,46.6,1.6,4.8,1.6,1.6,30.6,27.5,1,Quentin Grimes,
143,18.0,3.4,17.6,0.89,3.1,1.1,2.9,36.5,47.1,6.5,11.3,6.5,1.6,35.5,27.5,1,Jalen Green,
144,20.0,3.2,44.7,0.87,2.8,0.9,2.7,31.5,41.7,11.1,6.3,11.1,3.2,34.9,25.5,1,Josh Okogie,
145,18.0,3.5,23.3,0.87,3.1,1.1,3.3,33.9,43.2,4.8,3.2,4.8,1.6,34.9,25.5,1,Myles Turner,
146,13.0,3.1,29.4,1.35,4.2,1.3,2.9,44.7,65.8,5,0,5,0,47.5,92.1,0,Draymond Green,
147,11.0,4.0,26.5,1.23,4.9,1.6,3.7,43.9,59.8,6.8,0,2.3,0,47.7,81.8,0,Marcus Smart,
148,17.0,2.2,11.3,1.4,3.1,1.1,2.1,51.4,67.1,10.5,0,10.5,2.6,55.3,94.7,0,Jimmy Butler,
149,19.0,2.8,11.0,1.0,2.8,1.1,2.4,45.7,48.9,7.5,5.7,5.7,0,47.2,43.9,0,Shai Gilgeous-Alexander,
150,18.0,3.1,33.1,0.96,2.9,1.1,2.9,35.8,50.0,0,3.6,0,0,34.5,37.3,1,Ziaire Williams,
151,21.0,2.8,10.6,0.91,2.5,1.0,2.5,37.7,47.2,3.4,6.9,3.4,1.7,36.2,30.4,1,Nikola Jokic,
152,21.0,1.7,34.6,1.44,2.5,0.9,1.6,52.9,73.5,2.8,2.8,2.8,0,52.8,96.4,0,Joe Ingles,
153,19.0,2.1,22.2,1.3,2.7,0.9,1.9,48.6,68.9,2.5,7.5,2.5,2.5,45,89.8,0,Chris Paul,
154,11.0,3.7,45.6,1.27,4.7,1.9,3.5,55.3,67.1,4.9,7.3,4.9,4.9,51.2,85.8,0,Jaden McDaniels,
155,17.0,2.6,8.7,1.16,3.1,1.1,2.1,51.4,61.4,11.1,11.1,8.9,0,51.1,70.6,0,Joel Embiid,
156,21.0,3.2,41.1,0.78,2.5,0.9,2.5,34.0,44.3,6,16.4,6,1.5,31.3,14.9,1,Christian Wood,
157,18.0,2.8,13.8,1.0,2.8,1.1,2.4,43.2,53.4,3.9,9.8,3.9,0,41.2,43.9,1,Zach LaVine,
158,22.0,2.5,42.0,0.93,2.3,0.9,2.4,35.8,48.1,1.8,3.6,1.8,1.8,34.5,31.0,1,Jevon Carter,
159,16.0,2.8,12.4,1.14,3.1,1.1,2.5,45.0,56.3,9.1,2.3,4.5,2.3,47.7,66.3,0,Tyrese Haliburton,
160,15.0,3.1,55.3,1.06,3.3,1.0,2.6,38.5,56.4,8.5,8.5,8.5,0,40.4,54.8,0,Yuta Watanabe,
161,21.0,2.2,28.6,1.06,2.3,0.9,2.1,42.2,53.3,2.2,2.2,2.2,2.2,41.3,55.1,1,Marcus Sasser,
162,19.0,2.9,10.8,0.88,2.6,0.9,2.3,41.9,46.5,16.1,10.7,14.3,3.6,41.1,26.2,1,Giannis Antetokounmpo,
163,17.0,2.4,33.9,1.17,2.8,1.0,2.4,42.5,60.0,0,2.4,0,0,41.5,73.9,0,Al Horford,
164,19.0,2.2,7.5,1.14,2.5,0.8,1.9,43.2,54.1,14.3,2.4,14.3,4.8,47.6,67.3,0,Luka Doncic,
165,15.0,2.9,42.3,1.09,3.2,1.0,2.7,36.6,53.7,4.5,2.3,4.5,0,38.6,61.3,0,Haywood Highsmith,
166,21.0,2.7,19.0,0.86,2.3,0.8,2.4,31.4,41.2,5.4,3.6,5.4,0,33.9,21.7,1,Austin Reaves,
167,20.0,3.2,21.1,0.76,2.4,0.9,2.9,29.8,40.4,3.2,6.3,3.2,0,30.2,13.5,1,Josh Giddey,
168,8.0,4.9,24.2,1.21,5.9,2.1,4.6,45.9,59.5,7.7,0,7.7,2.6,48.7,78.2,0,CJ McCollum,
169,18.0,2.2,36.7,1.18,2.6,0.9,2.1,42.1,61.8,0,5,0,0,40,75.5,0,Pat Connaughton,
170,11.0,4.1,34.6,1.04,4.3,1.6,3.9,41.9,53.5,2.2,2.2,2.2,0,42.2,52.1,0,Caleb Martin,
171,17.0,2.8,39.3,0.98,2.8,0.9,2.6,34.1,46.6,8.3,2.1,8.3,2.1,37.5,39.6,1,Cam Reddish,
172,9.0,4.8,26.7,1.07,5.1,1.7,3.9,42.9,55.7,9.3,9.3,7,0,44.2,56.1,0,Miles Bridges,
173,18.0,2.4,11.9,1.04,2.6,1.0,1.9,51.4,58.6,11.4,9.1,11.4,0,50,52.5,0,Alperen Sengun,
174,17.0,2.8,16.9,0.96,2.7,0.9,2.8,33.3,47.9,0,0,0,0,33.3,37.0,1,Fred VanVleet,
175,20.0,2.7,18.9,0.85,2.3,0.9,2.6,32.7,43.3,1.9,1.9,1.9,0,33.3,20.8,1,Russell Westbrook,
176,18.0,2.2,9.2,1.15,2.5,0.8,1.9,41.2,54.4,10.3,2.6,5.1,0,46.2,70.2,0,Damian Lillard,
177,16.0,2.6,53.2,1.1,2.8,0.9,2.1,41.2,57.4,7.3,9.8,4.9,0,41.5,63.0,0,Troy Brown Jr.,
178,20.0,3.2,40.9,0.71,2.3,0.8,2.9,25.9,33.6,9.5,1.6,7.9,3.2,30.2,8.6,1,Toumani Camara,
179,17.0,2.4,20.0,1.07,2.6,1.0,2.3,43.6,56.4,2.4,4.9,2.4,2.4,41.5,57.1,0,Kevin Huerter,
180,17.0,2.6,45.9,0.98,2.6,0.8,2.4,34.1,42.7,13.3,0,11.1,4.4,40,39.3,1,Keita Bates-Diop,
181,20.0,3.0,32.8,0.73,2.2,0.9,2.8,30.4,38.4,1.7,6.7,1.7,1.7,28.3,10.6,1,Malaki Branham,
182,21.0,3.3,26.3,0.64,2.1,0.9,2.9,29.5,33.6,5.8,7.2,4.3,1.4,30.4,5.0,1,Ausar Thompson,
183,19.0,3.7,17.6,0.62,2.3,0.8,3.2,25.0,31.7,7,11.3,7,2.8,25.4,3.6,1,Victor Wembanyama,
184,15.0,2.3,30.4,1.26,2.9,1.1,2.1,50.0,64.1,5.9,2.9,5.9,2.9,50,85.5,0,Landry Shamet,
185,19.0,1.8,25.4,1.23,2.3,0.8,1.3,60.0,74.0,11.4,17.1,11.4,0,51.4,82.2,0,Kelly Olynyk,
186,19.0,2.0,8.0,1.13,2.3,0.8,1.9,41.7,59.7,0,5.3,0,0,39.5,65.7,1,Stephen Curry,
187,20.0,2.8,36.1,0.77,2.2,0.7,2.3,31.1,40.0,8.9,12.5,7.1,1.8,32.1,13.9,1,Jabari Walker,
188,18.0,3.1,19.4,0.77,2.4,0.7,2.4,30.2,36.0,19.6,10.7,17.9,7.1,33.9,13.9,1,Gordon Hayward,
189,16.0,3.3,12.6,0.79,2.6,1.1,3.3,32.7,38.5,1.9,0,1.9,0,34,15.5,1,Donovan Mitchell,
190,15.0,2.5,33.6,1.08,2.7,0.9,2.5,35.1,51.4,5.3,0,5.3,2.6,36.8,58.7,1,Kevin Love,
191,20.0,2.4,22.6,0.87,2.1,0.7,2.3,31.1,41.1,4.3,0,4.3,0,34,25.1,1,Tyus Jones,
192,17.0,2.9,26.3,0.82,2.4,0.9,2.5,37.2,47.7,2,14,2,2,32,17.2,1,Jaden Ivey,
193,9.0,3.1,50.0,1.43,4.4,1.4,2.9,50.0,71.2,7.1,0,7.1,0,53.6,96.0,0,Jae Crowder,
194,16.0,1.9,33.7,1.29,2.5,0.9,1.9,46.7,61.7,3.2,0,3.2,0,48.4,88.4,0,Max Christie,
195,19.0,2.4,8.6,0.89,2.1,0.6,2.1,30.0,40.0,8.9,2.2,8.9,0,35.6,28.1,1,Trae Young,
196,21.0,1.5,12.1,1.26,1.9,0.6,1.4,44.8,62.1,6.5,0,6.5,0,48.4,84.8,0,Jonas Valanciunas,
197,15.0,1.9,46.0,1.31,2.5,0.8,1.7,46.2,65.4,6.9,3.4,6.9,0,48.3,91.1,0,Stanley Umude,
198,14.0,2.1,23.2,1.31,2.7,1.0,2.0,50.0,67.9,0,3.4,0,0,48.3,91.1,0,Skylar Mays,
199,19.0,1.7,29.2,1.15,2.0,0.7,1.6,45.2,61.3,3,6.1,3,3,42.4,69.3,0,Chris Boucher,
200,21.0,1.8,32.5,1.0,1.8,0.6,1.6,35.3,51.5,5.3,5.3,5.3,0,36.8,43.9,1,Malachi Flynn,
201,17.0,2.4,32.5,0.95,2.2,0.7,2.1,33.3,44.4,15,0,12.5,5,37.5,34.1,1,Jaden Hardy,
202,20.0,2.6,38.1,0.74,1.9,0.6,2.1,26.8,32.9,11.8,9.8,11.8,2,31.4,11.2,1,Shake Milton,
203,18.0,1.9,10.8,1.06,2.1,0.7,1.7,41.9,50.0,22.9,0,22.9,11.4,42.9,53.5,0,Domantas Sabonis,
204,18.0,2.1,36.9,0.97,2.1,0.7,1.9,35.3,51.5,2.6,7.9,2.6,0,34.2,38.6,1,Doug McDermott,
205,16.0,2.7,38.4,0.86,2.3,0.8,2.4,31.6,47.4,2.3,9.3,2.3,0,30.2,23.8,1,Gary Harris,
206,20.0,2.5,16.3,0.76,1.9,0.6,2.1,28.6,41.7,2,12.2,2,0,26.5,12.9,1,Zach Collins,
207,15.0,1.9,53.8,1.29,2.4,0.8,1.8,44.4,66.7,0,3.6,0,0,42.9,87.3,0,Jacob Gilyard,
208,14.0,2.0,52.8,1.29,2.6,0.9,2.0,42.9,64.3,0,0,0,0,42.9,87.3,0,Dean Wade,
209,17.0,1.6,31.8,1.29,2.1,0.6,1.5,44.0,56.0,21.4,0,21.4,10.7,50,87.3,0,Jeff Green,
210,17.0,2.2,56.7,0.95,2.1,0.8,2.2,35.1,48.6,0,2.6,0,0,34.2,33.7,1,JT Thor,
211,15.0,2.9,49.4,0.84,2.4,0.8,2.6,30.8,44.9,2.3,7,2.3,0,30.2,18.8,1,Sasha Vezenkov,
212,11.0,1.9,38.2,1.67,3.2,1.1,1.9,57.1,83.3,0,0,0,0,57.1,99.7,0,Nicolas Batum,
213,14.0,2.1,49.2,1.17,2.5,0.8,1.8,44.0,64.0,6.7,10,6.7,0,43.3,72.1,0,Bryce McGowens,
214,17.0,2.1,40.7,1.0,2.1,0.7,2.1,34.3,50.0,0,0,0,0,34.3,43.9,1,Jae'Sean Tate,
215,15.0,2.6,47.6,0.9,2.3,0.7,2.1,32.3,46.8,7.7,12.8,2.6,0,33.3,28.4,1,Gradey Dick,
216,20.0,2.0,38.2,0.87,1.7,0.7,1.9,34.2,43.4,2.6,2.6,2.6,2.6,33.3,24.8,1,Patrick Beverley,
217,15.0,1.9,40.0,1.18,2.2,0.8,1.8,44.4,59.3,3.6,0,3.6,0,46.4,76.2,0,Jaylin Williams,
218,16.0,2.1,38.4,1.0,2.1,0.7,1.8,39.3,55.4,3,12.1,3,0,36.4,43.9,1,MarJon Beauchamp,
219,9.0,2.9,21.3,1.23,3.6,1.2,2.6,47.8,60.9,15.4,3.8,15.4,7.7,50,83.1,0,Kelly Oubre Jr.,
220,17.0,1.8,19.4,1.07,1.9,0.6,1.7,37.9,51.7,3.3,0,3.3,0,40,55.6,1,Tre Jones,
221,13.0,3.1,44.4,0.8,2.5,0.8,2.7,28.6,40.0,7.5,7.5,7.5,2.5,30,15.8,1,Julian Champagnie,
222,12.0,1.8,51.2,1.48,2.6,0.9,1.7,55.0,77.5,0,4.8,0,0,52.4,96.7,0,Justin Holiday,
223,12.0,2.5,36.1,1.03,2.6,1.0,2.4,41.4,53.4,0,3.3,0,0,40,50.3,1,Isaac Okoro,
224,14.0,2.4,47.8,0.91,2.1,0.8,2.4,33.3,45.5,0,0,0,0,33.3,29.7,1,Nassir Little,
225,20.0,1.8,36.1,0.86,1.5,0.7,1.6,41.9,48.4,0,11.4,0,0,37.1,21.7,1,Peyton Watson,
226,22.0,2.1,12.4,0.64,1.4,0.5,2.0,27.3,33.0,2.1,6.4,2.1,2.1,25.5,5.3,1,Nikola Vucevic,
227,19.0,1.6,31.3,0.94,1.5,0.5,1.6,32.3,46.8,0,0,0,0,32.3,33.0,1,Julian Strawther,
228,10.0,3.2,34.0,0.91,2.9,1.1,2.9,37.9,50.0,3.1,6.3,3.1,0,34.4,29.4,1,Xavier Tillman,
229,18.0,1.8,26.6,0.88,1.6,0.6,1.7,35.5,43.5,6.1,3,6.1,3,36.4,27.1,1,Danilo Gallinari,
230,19.0,1.9,36.4,0.81,1.5,0.6,1.7,34.4,45.3,0,11.1,0,0,30.6,16.2,1,Anthony Black,
231,18.0,1.3,32.9,1.17,1.6,0.6,1.2,52.4,66.7,0,12.5,0,0,45.8,72.1,0,Aaron Wiggins,
232,13.0,2.2,32.6,0.97,2.2,0.7,1.9,36.0,46.0,10.3,6.9,10.3,3.4,37.9,38.0,1,Trendon Watford,
233,15.0,2.2,25.0,0.85,1.9,0.7,2.1,32.3,45.2,0,6.1,0,0,30.3,20.2,1,Andrew Wiggins,
234,17.0,2.0,40.0,0.82,1.6,0.5,1.8,29.0,38.7,5.9,2.9,5.9,0,32.4,17.5,1,Robert Covington,
235,17.0,2.0,38.6,0.82,1.6,0.6,1.8,33.3,41.7,5.9,8.8,5.9,2.9,32.4,17.5,1,Chris Duarte,
236,6.0,3.5,43.8,1.29,4.5,1.7,3.3,50.0,67.5,0,4.8,0,0,47.6,87.3,0,Kevin Knox II,
237,12.0,1.8,19.6,1.23,2.3,0.8,1.7,45.0,67.5,0,9.1,0,0,40.9,81.8,0,Bones Hyland,
238,12.0,2.2,29.5,1.04,2.3,0.7,2.2,34.6,51.9,0,0,0,0,34.6,51.3,1,Duop Reath,
239,11.0,2.5,10.0,0.96,2.5,1.0,2.5,39.3,48.2,0,0,0,0,39.3,37.6,1,Devin Booker,
240,16.0,1.8,8.5,0.93,1.7,0.6,1.5,41.7,52.1,3.4,13.8,3.4,0,37.9,31.7,1,Darius Garland,
241,14.0,2.1,36.1,0.9,1.9,0.6,2.0,32.1,48.2,0,6.7,0,0,30,28.8,1,Gary Payton II,
242,15.0,2.1,29.6,0.84,1.8,0.7,1.8,37.0,50.0,3.1,12.5,3.1,0,31.3,19.8,1,Brandin Podziemski,
243,8.0,1.9,44.1,1.73,3.3,1.1,1.6,69.2,92.3,6.7,6.7,6.7,0,66.7,100.0,0,Jeremiah Robinson-Earl,
244,17.0,1.5,7.0,1.0,1.5,0.6,1.1,55.6,61.1,15.4,19.2,15.4,3.8,50,43.9,0,Zion Williamson,
245,20.0,1.6,18.7,0.84,1.3,0.6,1.3,42.3,46.2,6.5,12.9,6.5,3.2,38.7,19.5,1,Kyle Anderson,
246,13.0,1.4,29.5,1.39,1.9,0.7,1.4,50.0,69.4,0,0,0,0,50,94.4,0,Marcus Morris Sr.,
247,16.0,1.7,13.9,0.93,1.6,0.5,1.6,32.0,46.0,3.7,3.7,3.7,0,33.3,30.7,1,Khris Middleton,
248,11.0,2.0,19.6,1.09,2.2,0.8,2.0,40.9,54.5,0,0,0,0,40.9,61.3,1,Derrick Rose,
249,20.0,1.7,12.7,0.73,1.2,0.4,1.7,24.2,36.4,0,0,0,0,24.2,9.9,1,Jusuf Nurkic,
250,14.0,2.5,41.2,0.69,1.7,0.5,2.0,25.0,35.7,5.7,14.3,2.9,0,25.7,6.9,1,Davion Mitchell,
251,15.0,2.4,37.9,0.67,1.6,0.5,2.2,24.2,36.4,2.8,8.3,2.8,2.8,22.2,6.0,1,Jonathan Isaac,
252,13.0,2.8,42.5,0.62,1.8,0.6,2.5,25.0,29.7,5.4,8.1,5.4,0,27,4.0,1,Theo Maledon,
253,16.0,1.4,6.4,1.0,1.4,0.6,1.3,50.0,50.0,9.1,4.5,9.1,4.5,50,43.9,1,Bam Adebayo,
254,8.0,3.6,50.0,0.76,2.8,0.9,2.9,30.4,43.5,3.4,17.2,3.4,0,27.6,13.2,1,Isaiah Livers,
255,21.0,1.5,9.6,0.71,1.0,0.4,1.2,36.0,40.0,3.2,16.1,0,0,32.3,8.3,1,Evan Mobley,
256,10.0,1.3,48.1,1.61,2.1,0.7,1.3,53.8,76.9,7.7,0,7.7,7.7,53.8,99.3,0,Otto Porter Jr.,
257,14.0,1.1,15.7,1.31,1.5,0.5,1.0,50.0,67.9,6.3,6.3,6.3,0,50,91.4,0,Jalen Smith,
258,7.0,3.0,36.8,1.0,3.0,1.0,2.4,41.2,55.9,4.8,14.3,4.8,0,38.1,43.9,1,Jose Alvarado,
259,18.0,1.2,8.7,0.95,1.2,0.5,1.2,42.9,50.0,0,4.5,0,0,40.9,35.6,1,Aaron Gordon,
260,11.0,2.4,32.9,0.81,1.9,0.7,2.0,36.4,47.7,0,15.4,0,0,30.8,16.8,1,Tari Eason,
261,17.0,1.7,34.9,0.72,1.2,0.5,1.6,32.1,37.5,3.4,3.4,3.4,3.4,31,9.6,1,Dante Exum,
262,12.0,1.7,42.6,1.0,1.7,0.5,1.5,33.3,50.0,5,5,5,0,35,43.9,1,Vince Williams Jr.,
263,8.0,2.6,11.6,0.95,2.5,0.9,2.4,36.8,47.4,4.8,4.8,4.8,0,38.1,35.1,1,Tyler Herro,
264,10.0,2.0,40.0,0.95,1.9,0.6,1.8,33.3,50.0,5,5,5,0,35,34.1,1,Kenrich Williams,
265,13.0,2.1,27.8,0.7,1.5,0.5,1.8,29.2,37.5,7.4,7.4,7.4,3.7,29.6,7.9,1,Dennis Smith Jr.,
266,8.0,2.1,26.2,1.06,2.3,0.6,2.0,31.3,46.9,5.9,0,5.9,0,35.3,53.8,1,Luke Kennard,
267,16.0,1.3,29.6,0.86,1.1,0.3,1.2,26.3,39.5,4.8,4.8,4.8,0,28.6,21.7,1,Seth Curry,
268,10.0,2.1,9.1,0.86,1.8,0.6,1.9,31.6,39.5,4.8,4.8,4.8,0,33.3,21.7,1,Terry Rozier,
269,15.0,1.7,18.8,0.72,1.2,0.4,1.5,27.3,36.4,4,8,4,0,28,8.9,1,Precious Achiuwa,
270,14.0,1.9,36.1,0.69,1.3,0.6,1.5,38.1,42.9,0,19.2,0,0,30.8,7.3,1,Kris Dunn,
271,10.0,1.6,35.6,1.06,1.7,0.5,1.4,35.7,50.0,12.5,0,12.5,0,43.8,54.5,1,Danuel House Jr.,
272,14.0,3.1,44.9,0.39,1.2,0.4,2.6,16.2,18.9,6.8,9.1,6.8,0,20.5,0.3,1,Terance Mann,
273,8.0,1.6,31.7,1.23,2.0,0.6,1.5,41.7,58.3,7.7,0,7.7,0,46.2,83.1,0,Delon Wright,
274,18.0,0.8,6.6,1.07,0.9,0.4,0.8,53.3,53.3,0,0,0,0,53.3,55.6,1,Deandre Ayton,
275,20.0,1.1,14.8,0.73,0.8,0.3,1.0,30.0,40.0,0,9.1,0,0,27.3,9.9,1,Onyeka Okongwu,
276,9.0,1.1,25.6,1.5,1.7,0.6,1.0,55.6,83.3,0,10,0,0,50,98.0,0,Dru Smith,
277,5.0,4.0,44.4,0.75,3.0,1.0,3.0,33.3,50.0,5,20,0,0,25,11.7,1,Trey Lyles,
278,12.0,1.8,52.4,0.68,1.3,0.4,1.8,23.8,35.7,0,4.5,0,0,22.7,6.6,1,Ousmane Dieng,
279,3.0,4.3,20.6,1.08,4.7,1.7,4.0,41.7,54.2,7.7,0,7.7,0,46.2,58.1,0,Bradley Beal,
280,13.0,1.2,16.7,0.93,1.1,0.4,0.8,50.0,50.0,13.3,20,13.3,0,46.7,32.1,1,Craig Porter Jr.,
281,9.0,1.8,10.4,0.88,1.6,0.6,1.8,31.3,43.8,0,0,0,0,31.3,26.2,1,Jamal Murray,
282,16.0,1.4,37.3,0.64,0.9,0.3,1.3,23.8,33.3,0,4.5,0,0,22.7,4.3,1,John Konchar,
283,11.0,1.0,40.7,1.09,1.1,0.4,1.0,36.4,54.5,0,0,0,0,36.4,61.3,1,Kris Murray,
284,19.0,0.7,8.3,0.86,0.6,0.2,0.6,27.3,31.8,21.4,7.1,21.4,7.1,35.7,21.7,1,Marvin Bagley III,
285,20.0,1.0,4.9,0.6,0.6,0.2,0.9,23.5,29.4,10,5,5,0,30,2.3,1,Anthony Davis,
286,11.0,1.4,28.3,0.73,1.0,0.4,1.4,26.7,36.7,0,0,0,0,26.7,10.6,1,Jaden Springer,
287,11.0,2.7,19.2,0.37,1.0,0.4,2.5,14.8,20.4,0,10,0,0,13.3,0.0,1,Scoot Henderson,
288,10.0,1.0,38.5,1.0,1.0,0.3,0.9,33.3,50.0,10,0,10,0,40,43.9,1,Wesley Matthews,
289,19.0,0.7,10.9,0.77,0.5,0.2,0.6,33.3,41.7,0,7.7,0,0,30.8,14.5,1,Drew Eubanks,
290,11.0,1.4,37.5,0.67,0.9,0.3,1.1,25.0,33.3,13.3,6.7,6.7,0,26.7,6.0,1,Keon Ellis,
291,10.0,1.8,54.5,0.56,1.0,0.4,1.6,25.0,31.3,0,11.1,0,0,22.2,2.0,1,Cory Joseph,
292,5.0,2.0,23.8,0.9,1.8,0.6,1.6,37.5,43.8,20,10,20,10,40,28.8,1,Jordan Nwora,
293,12.0,1.0,70.6,0.75,0.8,0.3,0.8,30.0,45.0,0,16.7,0,0,25,11.7,1,P.J. Tucker,
294,8.0,1.5,32.4,0.75,1.1,0.4,0.9,42.9,64.3,0,41.7,0,0,25,11.7,1,Vasilije Micic,
295,5.0,2.4,19.7,0.75,1.8,0.6,2.2,27.3,40.9,0,8.3,0,0,25,11.7,1,Wendell Carter Jr.,
296,4.0,3.3,41.9,0.69,2.3,1.0,3.0,33.3,37.5,0,7.7,0,0,30.8,7.3,1,Gabe Vincent,
297,7.0,2.1,53.6,0.6,1.3,0.4,1.9,23.1,34.6,0,13.3,0,0,20,2.3,1,Joe Harris,
298,13.0,0.8,21.2,0.64,0.5,0.2,0.6,37.5,43.8,0,27.3,0,0,27.3,4.3,1,Ish Smith,
299,15.0,0.7,13.3,0.6,0.4,0.1,0.7,20.0,30.0,0,0,0,0,20,2.3,1,Omer Yurtseven,
300,14.0,0.7,5.8,0.6,0.4,0.2,0.6,33.3,33.3,0,10,0,0,30,2.3,1,Jalen Duren,
301,5.0,2.2,17.2,0.55,1.2,0.4,2.0,20.0,20.0,9.1,0,9.1,0,27.3,1.3,1,Markelle Fultz,
302,14.0,0.8,8.9,0.55,0.4,0.1,0.7,20.0,30.0,0,9.1,0,0,18.2,1.3,1,Walker Kessler,
303,5.0,2.4,52.2,0.42,1.0,0.4,2.2,18.2,22.7,0,8.3,0,0,16.7,0.7,1,Jake LaRavia,
304,11.0,1.1,23.5,0.42,0.5,0.2,1.0,18.2,22.7,0,8.3,0,0,16.7,0.7,1,Kira Lewis Jr.,
